8-Bit;https://fortnite.gg/img/x/sprites/icons/T_Icon_BR_Creature_Sprite_EightBitBlaster_L.webp;Base;Oro;Trucchi;Hacker;Cacciatore;Dolcetto/Scherzetto
Adventure;https://fortnite.gg/img/x/sprites/icons/T_Icon_BR_Creature_Sprite_Dwarf_L.webp;Base;Oro;Trucchi;Hacker;Cacciatore;Dolcetto/Scherzetto
Birthday;https://fortnite.gg/img/x/sprites/icons/T_Icon_BR_Creature_Sprite_Birthday_L.webp;Base;Oro;Trucchi;Hacker;Cacciatore;Dolcetto/Scherzetto
Blinky;https://fortnite.gg/img/x/sprites/icons/T_Icon_BR_Creature_Sprite_GhostDamage_L.webp;Base;Oro;Trucchi;Hacker;Cacciatore;Dolcetto/Scherzetto
Bush;https://fortnite.gg/img/x/sprites/icons/T_Icon_BR_Creature_Sprite_BushRanger_L.webp;Base;Oro;Trucchi;Hacker;Cacciatore;Dolcetto/Scherzetto
Crash Bandicoot;https://fortnite.gg/img/x/sprites/icons/T_Icon_BR_Creature_Sprite_BodySlam_L.webp;Base;Oro;Trucchi;Hacker;Cacciatore;Dolcetto/Scherzetto
Crown;https://fortnite.gg/img/x/sprites/icons/T_Icon_BR_Creature_Sprite_Crown_L.webp;Base;Oro;Trucchi;Hacker;Cacciatore;Dolcetto/Scherzetto
Dumpster Dive;https://fortnite.gg/img/x/sprites/icons/T_Icon_BR_Creature_Sprite_WinnerD_L.webp;Base;Oro;Trucchi;Hacker;Cacciatore;Dolcetto/Scherzetto
Jackrabbit;https://fortnite.gg/img/x/sprites/icons/T_Icon_BR_Creature_Sprite_JazzJackrabbit_L.webp;Base;Oro;Trucchi;Hacker;Cacciatore;Dolcetto/Scherzetto
Jonesy;https://fortnite.gg/img/x/sprites/icons/T_Icon_BR_Creature_Sprite_Jonesy_L.webp;Base;Oro;Trucchi;Hacker;Cacciatore;Dolcetto/Scherzetto
Killswitch;https://fortnite.gg/img/x/sprites/icons/T_Icon_BR_Creature_Sprite_Killswitch_L.webp;Base;Oro;Trucchi;Hacker;Cacciatore;Dolcetto/Scherzetto
Klombo;https://fortnite.gg/img/x/sprites/icons/T_Icon_BR_Creature_Sprite_Klombo_L.webp;Base;Oro;Trucchi;Hacker;Cacciatore;Dolcetto/Scherzetto
Megaman;https://fortnite.gg/img/x/sprites/icons/T_Icon_BR_Creature_Sprite_ImprovedSlide_L.webp;Base
Morgana;https://fortnite.gg/img/x/sprites/icons/T_Icon_BR_Creature_Sprite_IncreaseHeals_L.webp;Base;Oro;Trucchi;Hacker;Cacciatore;Dolcetto/Scherzetto
Onigiri;https://fortnite.gg/img/x/sprites/icons/T_Icon_BR_Creature_Sprite_WinnerC_L.webp;Base;Oro;Trucchi;Hacker;Cacciatore;Dolcetto/Scherzetto
Overshield;https://fortnite.gg/img/x/sprites/icons/T_Icon_BR_Creature_Sprite_Overshield_L.webp;Base;Oro;Trucchi;Hacker;Cacciatore;Dolcetto/Scherzetto
Pond;https://fortnite.gg/img/x/sprites/icons/T_Icon_BR_Creature_Sprite_WinnerA_L.webp;Base;Oro;Trucchi;Hacker;Cacciatore;Dolcetto/Scherzetto
Shadow;https://fortnite.gg/img/x/sprites/icons/T_Icon_BR_Creature_Sprite_NarrowFlea_Scribe_L.webp;Base;Oro;Trucchi;Hacker;Cacciatore;Dolcetto/Scherzetto
Sonic;https://fortnite.gg/img/x/sprites/icons/T_Icon_BR_Creature_Sprite_NarrowFlea_Obsidian_L.webp;Base;Oro;Trucchi;Hacker;Cacciatore;Dolcetto/Scherzetto
Spooky Dash;https://fortnite.gg/img/x/sprites/icons/T_Icon_BR_Creature_Sprite_PhaseDash_L.webp;Base;Oro;Trucchi;Hacker;Cacciatore;Dolcetto/Scherzetto
Storm Scout;https://fortnite.gg/img/x/sprites/icons/T_Icon_BR_Creature_Sprite_StormScout_L.webp;Base;Oro;Trucchi;Hacker;Cacciatore;Dolcetto/Scherzetto
Tails;https://fortnite.gg/img/x/sprites/icons/T_Icon_BR_Creature_Sprite_NarrowFlea_Monkey_L.webp;Base;Oro;Trucchi;Hacker;Cacciatore;Dolcetto/Scherzetto
The Deer;https://fortnite.gg/img/x/sprites/icons/T_Icon_BR_Creature_Sprite_IncreasedMelee_L.webp;Base;Oro;Trucchi;Hacker;Cacciatore;Dolcetto/Scherzetto
Vampire;https://fortnite.gg/img/x/sprites/icons/T_Icon_BR_Creature_Sprite_HealthSiphon_L.webp;Base;Oro;Trucchi;Hacker;Cacciatore;Dolcetto/Scherzetto
X-Ray;https://fortnite.gg/img/x/sprites/icons/T_Icon_BR_Creature_Sprite_WinnerB_L.webp;Base;Oro;Trucchi;Hacker;Cacciatore;Dolcetto/Scherzetto
